;Well;Fluor;Target;Content;Sample;Biological Set Name;Cq;Cq Mean;Cq Std. Dev;Starting Quantity (SQ);Log Starting Quantity;SQ Mean;SQ Std. Dev;Set Point;Well Note
;A01;SYBR;PRDX;Unkn;N2_1A;;22,679938628157;22,679938628157;0;NaN;NaN;NaN;0;60;
;A02;SYBR;PRDX;Unkn;N2_1B;;24,5749181407892;24,5749181407892;0;NaN;NaN;NaN;0;60;
;A03;SYBR;PRDX;Unkn;N2_2A;;23,2612602187131;23,2612602187131;0;NaN;NaN;NaN;0;60;
;A04;SYBR;PRDX;Unkn;N2_2B;;23,4181598103574;23,4181598103574;0;NaN;NaN;NaN;0;60;
;A05;SYBR;PRDX;Unkn;N2_3A;;21,929223429598;21,929223429598;0;NaN;NaN;NaN;0;60;
;A06;SYBR;PRDX;Unkn;N2_3B;;22,4436577058556;22,4436577058556;0;NaN;NaN;NaN;0;60;
;A07;SYBR;PRDX;Unkn;N2_4A;;26,9744681957706;26,9744681957706;0;NaN;NaN;NaN;0;60;
;A08;SYBR;PRDX;Unkn;N2_4B;;28,5588283183107;28,5588283183107;0;NaN;NaN;NaN;0;60;
;A09;SYBR;PRDX;Unkn;N2_5A;;26,5034129286539;26,5034129286539;0;NaN;NaN;NaN;0;60;
;A10;SYBR;PRDX;Unkn;N2_5B;;24,0545911951287;24,0545911951287;0;NaN;NaN;NaN;0;60;
;A11;SYBR;PRDX;Unkn;N2_6A;;23,0874611292404;23,0874611292404;0;NaN;NaN;NaN;0;60;
;A12;SYBR;PRDX;Unkn;N2_6B;;24,1881049436866;24,1881049436866;0;NaN;NaN;NaN;0;60;
;B01;SYBR;PRDX;Unkn;N2_7A;;24,2868605380573;24,2868605380573;0;NaN;NaN;NaN;0;60;
;B02;SYBR;PRDX;Unkn;N2_7B;;23,2454661199221;23,2454661199221;0;NaN;NaN;NaN;0;60;
;B03;SYBR;PRDX;Unkn;N2_8A;;21,5130850752822;21,5130850752822;0;NaN;NaN;NaN;0;60;
;B04;SYBR;PRDX;Unkn;N2_8B;;22,7401303919681;22,7401303919681;0;NaN;NaN;NaN;0;60;
;B05;SYBR;PRDX;Unkn;N2_8C;;23,6555156516028;23,6555156516028;0;NaN;NaN;NaN;0;60;
;B06;SYBR;PRDX;Unkn;N2_8D;;24,2567959337689;24,2567959337689;0;NaN;NaN;NaN;0;60;
;B07;SYBR;PRDX;Unkn;N2_9A;;22,4542282331188;22,4542282331188;0;NaN;NaN;NaN;0;60;
;B08;SYBR;PRDX;Unkn;N2_9B;;23,2459779714182;23,2459779714182;0;NaN;NaN;NaN;0;60;
;B09;SYBR;PRDX;Unkn;N2_9C;;25,7097942284011;25,7097942284011;0;NaN;NaN;NaN;0;60;
;B10;SYBR;PRDX;Unkn;N2_9D;;23,8348442996026;23,8348442996026;0;NaN;NaN;NaN;0;60;
;B12;SYBR;PRDX;Unkn;N2_10B;;25,056159579274;25,056159579274;0;NaN;NaN;NaN;0;60;
;C01;SYBR;PRDX;Unkn;N2_10C;;26,5898106876949;26,5898106876949;0;NaN;NaN;NaN;0;60;
;C02;SYBR;PRDX;Unkn;N2_10D;;26,5467397949555;26,5467397949555;0;NaN;NaN;NaN;0;60;
;C03;SYBR;PRDX;Unkn;N2_11A;;24,3649749423694;24,3649749423694;0;NaN;NaN;NaN;0;60;
;C04;SYBR;PRDX;Unkn;N2_11B;;25,4920445037523;25,4920445037523;0;NaN;NaN;NaN;0;60;
;C05;SYBR;PRDX;Unkn;N2_11C;;26,9031304694362;26,9031304694362;0;NaN;NaN;NaN;0;60;
;C06;SYBR;PRDX;Unkn;N2_11D;;27,1730735508453;27,1730735508453;0;NaN;NaN;NaN;0;60;
;C07;SYBR;PRDX;Unkn;N2_12A;;24,1120243496612;24,1120243496612;0;NaN;NaN;NaN;0;60;
;C08;SYBR;PRDX;Unkn;N2_12B;;23,8455295704983;23,8455295704983;0;NaN;NaN;NaN;0;60;
;C09;SYBR;PRDX;Unkn;N2_12C;;26,3633755670784;26,3633755670784;0;NaN;NaN;NaN;0;60;
;C10;SYBR;PRDX;Unkn;N2_12D;;27,3890425529887;27,3890425529887;0;NaN;NaN;NaN;0;60;
;C11;SYBR;PRDX;Unkn;N2_13A;;23,517945705824;23,517945705824;0;NaN;NaN;NaN;0;60;
;C12;SYBR;PRDX;Unkn;N2_13B;;23,0858182221841;23,0858182221841;0;NaN;NaN;NaN;0;60;
;D01;SYBR;PRDX;Unkn;N2_13C;;26,5605000019918;26,5605000019918;0;NaN;NaN;NaN;0;60;
;D02;SYBR;PRDX;Unkn;N2_13D;;26,2586624330941;26,2586624330941;0;NaN;NaN;NaN;0;60;
;D03;SYBR;PRDX;NTC;NTC;;NaN;0;0;NaN;NaN;0;0;60;
;D05;SYBR;PRDX;Unkn;I1_1A;;23,9639783589696;23,9639783589696;0;NaN;NaN;NaN;0;60;
;D06;SYBR;PRDX;Unkn;I1_1B;;23,1638262300273;23,1638262300273;0;NaN;NaN;NaN;0;60;
;D07;SYBR;PRDX;Unkn;I1_2A;;23,2863655479196;23,2863655479196;0;NaN;NaN;NaN;0;60;
;D08;SYBR;PRDX;Unkn;I1_2B;;23,3401474552311;23,3401474552311;0;NaN;NaN;NaN;0;60;
;D09;SYBR;PRDX;Unkn;I1_3A;;22,5423969303724;22,5423969303724;0;NaN;NaN;NaN;0;60;
;D10;SYBR;PRDX;Unkn;I1_3B;;22,0730215230198;22,0730215230198;0;NaN;NaN;NaN;0;60;
;D11;SYBR;PRDX;Unkn;I1_4A;;22,2037390063402;22,2037390063402;0;NaN;NaN;NaN;0;60;
;D12;SYBR;PRDX;Unkn;I1_4B;;24,529357719629;24,529357719629;0;NaN;NaN;NaN;0;60;
;E01;SYBR;PRDX;Unkn;I1_5A;;23,4688058546509;23,4688058546509;0;NaN;NaN;NaN;0;60;
;E02;SYBR;PRDX;Unkn;I1_5B;;23,1388897787693;23,1388897787693;0;NaN;NaN;NaN;0;60;
;E03;SYBR;PRDX;Unkn;I1_6A;;24,0720660241663;24,0720660241663;0;NaN;NaN;NaN;0;60;
;E04;SYBR;PRDX;Unkn;I1_6B;;25,3601597876941;25,3601597876941;0;NaN;NaN;NaN;0;60;
;E05;SYBR;PRDX;Unkn;I1_7A;;25,0124784855558;25,0124784855558;0;NaN;NaN;NaN;0;60;
;E06;SYBR;PRDX;Unkn;I1_7B;;25,0677278285592;25,0677278285592;0;NaN;NaN;NaN;0;60;
;E07;SYBR;PRDX;Unkn;I1_8A;;25,5022713166599;25,5022713166599;0;NaN;NaN;NaN;0;60;
;E08;SYBR;PRDX;Unkn;I1_8B;;25,7973641279967;25,7973641279967;0;NaN;NaN;NaN;0;60;
;E09;SYBR;PRDX;Unkn;I1_8C;;23,5158571752651;23,5158571752651;0;NaN;NaN;NaN;0;60;
;E10;SYBR;PRDX;Unkn;I1_8D;;23,1576259487397;23,1576259487397;0;NaN;NaN;NaN;0;60;
;E11;SYBR;PRDX;Unkn;I1_9A;;23,0333993127176;23,0333993127176;0;NaN;NaN;NaN;0;60;
;E12;SYBR;PRDX;Unkn;I1_9B;;22,3748492765606;22,3748492765606;0;NaN;NaN;NaN;0;60;
;F01;SYBR;PRDX;Unkn;I1_9C;;23,6941664409019;23,6941664409019;0;NaN;NaN;NaN;0;60;
;F02;SYBR;PRDX;Unkn;I1_9D;;23,489019937136;23,489019937136;0;NaN;NaN;NaN;0;60;
;F03;SYBR;PRDX;Unkn;I1_10A;;24,2606182904948;24,2606182904948;0;NaN;NaN;NaN;0;60;
;F04;SYBR;PRDX;Unkn;I1_10B;;22,6725883755836;22,6725883755836;0;NaN;NaN;NaN;0;60;
;F05;SYBR;PRDX;Unkn;I1_10C;;25,2393404565506;25,2393404565506;0;NaN;NaN;NaN;0;60;
;F06;SYBR;PRDX;Unkn;I1_10D;;26,1517352664397;26,1517352664397;0;NaN;NaN;NaN;0;60;
;F07;SYBR;PRDX;Unkn;I1_11A;;23,7506990242379;23,7506990242379;0;NaN;NaN;NaN;0;60;
;F08;SYBR;PRDX;Unkn;I1_11B;;22,9794171204062;22,9794171204062;0;NaN;NaN;NaN;0;60;
;F09;SYBR;PRDX;Unkn;I1_11C;;24,5640080252506;24,5640080252506;0;NaN;NaN;NaN;0;60;
;F10;SYBR;PRDX;Unkn;I1_11D;;28,1962962975662;28,1962962975662;0;NaN;NaN;NaN;0;60;
;F11;SYBR;PRDX;Unkn;I1_12A;;23,9681705490855;23,9681705490855;0;NaN;NaN;NaN;0;60;
;F12;SYBR;PRDX;Unkn;I1_12B;;25,2447119798921;25,2447119798921;0;NaN;NaN;NaN;0;60;
;G01;SYBR;PRDX;Unkn;I1_12C;;25,1738190995269;25,1738190995269;0;NaN;NaN;NaN;0;60;
;G02;SYBR;PRDX;Unkn;I1_12D;;28,864323747521;28,864323747521;0;NaN;NaN;NaN;0;60;
;G03;SYBR;PRDX;Unkn;I1_13A;;25,00998561204;25,00998561204;0;NaN;NaN;NaN;0;60;
;G04;SYBR;PRDX;Unkn;I1_13B;;25,2904003490244;25,2904003490244;0;NaN;NaN;NaN;0;60;
;G05;SYBR;PRDX;Unkn;I1_13C;;26,133590703045;26,133590703045;0;NaN;NaN;NaN;0;60;
;G06;SYBR;PRDX;Unkn;I1_13D;;27,29968648356;27,29968648356;0;NaN;NaN;NaN;0;60;
;G07;SYBR;PRDX;NTC;NTC;;NaN;0;0;NaN;NaN;0;0;60;
;H10;SYBR;GAPDH;Unkn;IRC1_17;;23,0915643822424;23,0915643822424;0;NaN;NaN;NaN;0;60;
;H11;SYBR;GAPDH;Unkn;IRC2_17;;23,9719585609494;23,9719585609494;0;NaN;NaN;NaN;0;60;
;H12;SYBR;GAPDH;Unkn;IRC3_17;;22,5555529714908;22,5555529714908;0;NaN;NaN;NaN;0;60;
