;Well;Fluor;Target;Content;Sample;Biological Set Name;Cq;Cq Mean;Cq Std. Dev;Starting Quantity (SQ);Log Starting Quantity;SQ Mean;SQ Std. Dev;Set Point;Well Note
;A01;SYBR;PRDX;Unkn;N2_1A;;24,37855011572;24,37855011572;0;NaN;NaN;NaN;0;60;
;A02;SYBR;PRDX;Unkn;N2_1B;;21,2811897863133;21,2811897863133;0;NaN;NaN;NaN;0;60;
;A03;SYBR;PRDX;Unkn;N2_2A;;24,0236574530916;24,0236574530916;0;NaN;NaN;NaN;0;60;
;A04;SYBR;PRDX;Unkn;N2_2B;;23,16258422033;23,16258422033;0;NaN;NaN;NaN;0;60;
;A05;SYBR;PRDX;Unkn;N2_3A;;20,7763350287931;20,7763350287931;0;NaN;NaN;NaN;0;60;
;A06;SYBR;PRDX;Unkn;N2_3B;;22,0914010517129;22,0914010517129;0;NaN;NaN;NaN;0;60;
;A07;SYBR;PRDX;Unkn;N2_4A;;20,8915299823926;20,8915299823926;0;NaN;NaN;NaN;0;60;
;A08;SYBR;PRDX;Unkn;N2_4B;;22,4212361076374;22,4212361076374;0;NaN;NaN;NaN;0;60;
;A09;SYBR;PRDX;Unkn;N2_5A;;29,2315200669173;29,2315200669173;0;NaN;NaN;NaN;0;60;
;A10;SYBR;PRDX;Unkn;N2_5B;;22,576790355123;22,576790355123;0;NaN;NaN;NaN;0;60;
;A11;SYBR;PRDX;Unkn;N2_6A;;22,5827165391483;22,5827165391483;0;NaN;NaN;NaN;0;60;
;A12;SYBR;PRDX;Unkn;N2_6B;;23,10883621243;23,10883621243;0;NaN;NaN;NaN;0;60;
;B01;SYBR;PRDX;Unkn;N2_7A;;22,222146555226;22,222146555226;0;NaN;NaN;NaN;0;60;
;B02;SYBR;PRDX;Unkn;N2_7B;;22,3437752530128;22,3437752530128;0;NaN;NaN;NaN;0;60;
;B03;SYBR;PRDX;Unkn;N2_8A;;21,1178027443592;21,1178027443592;0;NaN;NaN;NaN;0;60;
;B04;SYBR;PRDX;Unkn;N2_8B;;22,685829985879;22,685829985879;0;NaN;NaN;NaN;0;60;
;B05;SYBR;PRDX;Unkn;N2_8C;;22,2131709869436;22,2131709869436;0;NaN;NaN;NaN;0;60;
;B06;SYBR;PRDX;Unkn;N2_8D;;23,7363747938315;23,7363747938315;0;NaN;NaN;NaN;0;60;
;B07;SYBR;PRDX;Unkn;N2_9A;;23,3561866066387;23,3561866066387;0;NaN;NaN;NaN;0;60;
;B08;SYBR;PRDX;Unkn;N2_9B;;22,3555974377176;22,3555974377176;0;NaN;NaN;NaN;0;60;
;B09;SYBR;PRDX;Unkn;N2_9C;;25,3664254281119;25,3664254281119;0;NaN;NaN;NaN;0;60;
;B10;SYBR;PRDX;Unkn;N2_9D;;23,8626684355236;23,8626684355236;0;NaN;NaN;NaN;0;60;
;B11;SYBR;PRDX;Unkn;N2_10A;;23,5152039237014;23,5152039237014;0;NaN;NaN;NaN;0;60;
;B12;SYBR;PRDX;Unkn;N2_10B;;24,3939119470405;24,3939119470405;0;NaN;NaN;NaN;0;60;
;C01;SYBR;PRDX;Unkn;N2_10C;;24,7252930037111;24,7252930037111;0;NaN;NaN;NaN;0;60;
;C02;SYBR;PRDX;Unkn;N2_10D;;27,157016696401;27,157016696401;0;NaN;NaN;NaN;0;60;
;C03;SYBR;PRDX;Unkn;N2_11A;;26,6060852141709;26,6060852141709;0;NaN;NaN;NaN;0;60;
;C04;SYBR;PRDX;Unkn;N2_11B;;24,1787556938823;24,1787556938823;0;NaN;NaN;NaN;0;60;
;C05;SYBR;PRDX;Unkn;N2_11C;;26,6400440938009;26,6400440938009;0;NaN;NaN;NaN;0;60;
;C06;SYBR;PRDX;Unkn;N2_11D;;25,24789474568;25,24789474568;0;NaN;NaN;NaN;0;60;
;C07;SYBR;PRDX;Unkn;N2_12A;;24,0915083044416;24,0915083044416;0;NaN;NaN;NaN;0;60;
;C08;SYBR;PRDX;Unkn;N2_12B;;24,2823484091249;24,2823484091249;0;NaN;NaN;NaN;0;60;
;C09;SYBR;PRDX;Unkn;N2_12C;;25,1548850506786;25,1548850506786;0;NaN;NaN;NaN;0;60;
;C10;SYBR;PRDX;Unkn;N2_12D;;25,7122594417744;25,7122594417744;0;NaN;NaN;NaN;0;60;
;C11;SYBR;PRDX;Unkn;N2_13A;;23,9397860106348;23,9397860106348;0;NaN;NaN;NaN;0;60;
;C12;SYBR;PRDX;Unkn;N2_13B;;20,7442703041015;20,7442703041015;0;NaN;NaN;NaN;0;60;
;D01;SYBR;PRDX;Unkn;N2_13C;;27,8290418219516;27,8290418219516;0;NaN;NaN;NaN;0;60;
;D02;SYBR;PRDX;Unkn;N2_13D;;27,3985058123288;27,3985058123288;0;NaN;NaN;NaN;0;60;
;D03;SYBR;PRDX;NTC;NTC;;NaN;0;0;NaN;NaN;0;0;60;
;D05;SYBR;PRDX;Unkn;I1_1A;;22,3685481203564;22,3685481203564;0;NaN;NaN;NaN;0;60;
;D06;SYBR;PRDX;Unkn;I1_1B;;24,2188952391457;24,2188952391457;0;NaN;NaN;NaN;0;60;
;D07;SYBR;PRDX;Unkn;I1_2A;;22,251211347279;22,251211347279;0;NaN;NaN;NaN;0;60;
;D08;SYBR;PRDX;Unkn;I1_2B;;23,1954123746966;23,1954123746966;0;NaN;NaN;NaN;0;60;
;D09;SYBR;PRDX;Unkn;I1_3A;;22,2365540212273;22,2365540212273;0;NaN;NaN;NaN;0;60;
;D10;SYBR;PRDX;Unkn;I1_3B;;22,3165902782376;22,3165902782376;0;NaN;NaN;NaN;0;60;
;D11;SYBR;PRDX;Unkn;I1_4A;;23,1355636512271;23,1355636512271;0;NaN;NaN;NaN;0;60;
;D12;SYBR;PRDX;Unkn;I1_4B;;23,863539592312;23,863539592312;0;NaN;NaN;NaN;0;60;
;E01;SYBR;PRDX;Unkn;I1_5A;;23,7867435957688;23,7867435957688;0;NaN;NaN;NaN;0;60;
;E02;SYBR;PRDX;Unkn;I1_5B;;23,3401921733055;23,3401921733055;0;NaN;NaN;NaN;0;60;
;E03;SYBR;PRDX;Unkn;I1_6A;;23,1418792766432;23,1418792766432;0;NaN;NaN;NaN;0;60;
;E04;SYBR;PRDX;Unkn;I1_6B;;22,3506980456266;22,3506980456266;0;NaN;NaN;NaN;0;60;
;E05;SYBR;PRDX;Unkn;I1_7A;;22,8894374589796;22,8894374589796;0;NaN;NaN;NaN;0;60;
;E06;SYBR;PRDX;Unkn;I1_7B;;25,0721760332072;25,0721760332072;0;NaN;NaN;NaN;0;60;
;E07;SYBR;PRDX;Unkn;I1_8A;;29,4353563930078;29,4353563930078;0;NaN;NaN;NaN;0;60;
;E08;SYBR;PRDX;Unkn;I1_8B;;22,6286006521015;22,6286006521015;0;NaN;NaN;NaN;0;60;
;E09;SYBR;PRDX;Unkn;I1_8C;;23,1242270743749;23,1242270743749;0;NaN;NaN;NaN;0;60;
;E10;SYBR;PRDX;Unkn;I1_8D;;23,0747696780373;23,0747696780373;0;NaN;NaN;NaN;0;60;
;E11;SYBR;PRDX;Unkn;I1_9A;;22,2113639585127;22,2113639585127;0;NaN;NaN;NaN;0;60;
;E12;SYBR;PRDX;Unkn;I1_9B;;21,5125898545434;21,5125898545434;0;NaN;NaN;NaN;0;60;
;F01;SYBR;PRDX;Unkn;I1_9C;;23,2538982356822;23,2538982356822;0;NaN;NaN;NaN;0;60;
;F02;SYBR;PRDX;Unkn;I1_9D;;23,3179775518175;23,3179775518175;0;NaN;NaN;NaN;0;60;
;F03;SYBR;PRDX;Unkn;I1_10A;;22,831521737768;22,831521737768;0;NaN;NaN;NaN;0;60;
;F04;SYBR;PRDX;Unkn;I1_10B;;24,3840039118273;24,3840039118273;0;NaN;NaN;NaN;0;60;
;F05;SYBR;PRDX;Unkn;I1_10C;;24,974278738995;24,974278738995;0;NaN;NaN;NaN;0;60;
;F06;SYBR;PRDX;Unkn;I1_10D;;25,8565927173885;25,8565927173885;0;NaN;NaN;NaN;0;60;
;F07;SYBR;PRDX;Unkn;I1_11A;;26,6526699792072;26,6526699792072;0;NaN;NaN;NaN;0;60;
;F08;SYBR;PRDX;Unkn;I1_11B;;26,501475575344;26,501475575344;0;NaN;NaN;NaN;0;60;
;F09;SYBR;PRDX;Unkn;I1_11C;;24,1747053655713;24,1747053655713;0;NaN;NaN;NaN;0;60;
;F10;SYBR;PRDX;Unkn;I1_11D;;24,6301423958465;24,6301423958465;0;NaN;NaN;NaN;0;60;
;F11;SYBR;PRDX;Unkn;I1_12A;;24,3290184218421;24,3290184218421;0;NaN;NaN;NaN;0;60;
;F12;SYBR;PRDX;Unkn;I1_12B;;23,2585909187505;23,2585909187505;0;NaN;NaN;NaN;0;60;
;G01;SYBR;PRDX;Unkn;I1_12C;;25,6953221965779;25,6953221965779;0;NaN;NaN;NaN;0;60;
;G02;SYBR;PRDX;Unkn;I1_12D;;26,2910119688554;26,2910119688554;0;NaN;NaN;NaN;0;60;
;G03;SYBR;PRDX;Unkn;I1_13A;;24,0424090764184;24,0424090764184;0;NaN;NaN;NaN;0;60;
;G04;SYBR;PRDX;Unkn;I1_13B;;25,7655150543828;25,7655150543828;0;NaN;NaN;NaN;0;60;
;G05;SYBR;PRDX;Unkn;I1_13C;;39,7829697328906;39,7829697328906;0;NaN;NaN;NaN;0;60;
;G06;SYBR;PRDX;Unkn;I1_13D;;27,2620685835699;27,2620685835699;0;NaN;NaN;NaN;0;60;
;G07;SYBR;PRDX;NTC;NTC;;NaN;0;0;NaN;NaN;0;0;60;
;H10;SYBR;GADPH;Unkn;IRC1_5;;22,9078475784572;22,9078475784572;0;NaN;NaN;NaN;0;60;
;H11;SYBR;GADPH;Unkn;IRC2_5;;23,5693354671657;23,5693354671657;0;NaN;NaN;NaN;0;60;
;H12;SYBR;GADPH;Unkn;IRC3_5;;21,687720334929;21,687720334929;0;NaN;NaN;NaN;0;60;
