;Well;Fluor;Target;Content;Sample;Biological Set Name;Cq;Cq Mean;Cq Std. Dev;Starting Quantity (SQ);Log Starting Quantity;SQ Mean;SQ Std. Dev;Set Point;Well Note
;A01;SYBR;PRDX;Unkn;N13_1A;;23,115474530047;23,115474530047;0;NaN;NaN;NaN;0;60;
;A02;SYBR;PRDX;Unkn;N13_1B;;23,0321273249956;23,0321273249956;0;NaN;NaN;NaN;0;60;
;A03;SYBR;PRDX;Unkn;N13_2A;;22,2390239321373;22,2390239321373;0;NaN;NaN;NaN;0;60;
;A04;SYBR;PRDX;Unkn;N13_2B;;23,6121300551891;23,6121300551891;0;NaN;NaN;NaN;0;60;
;A05;SYBR;PRDX;Unkn;N13_3A;;21,4212928009269;21,4212928009269;0;NaN;NaN;NaN;0;60;
;A06;SYBR;PRDX;Unkn;N13_3B;;22,0073261114818;22,0073261114818;0;NaN;NaN;NaN;0;60;
;A07;SYBR;PRDX;Unkn;N13_4A;;21,0506137885287;21,0506137885287;0;NaN;NaN;NaN;0;60;
;A08;SYBR;PRDX;Unkn;N13_4B;;21,0326828044607;21,0326828044607;0;NaN;NaN;NaN;0;60;
;A09;SYBR;PRDX;Unkn;N13_5A;;21,6991083799943;21,6991083799943;0;NaN;NaN;NaN;0;60;
;A10;SYBR;PRDX;Unkn;N13_5B;;21,5359913031691;21,5359913031691;0;NaN;NaN;NaN;0;60;
;A11;SYBR;PRDX;Unkn;N13_6A;;22,0577891158933;22,0577891158933;0;NaN;NaN;NaN;0;60;
;A12;SYBR;PRDX;Unkn;N13_6B;;21,7843717150445;21,7843717150445;0;NaN;NaN;NaN;0;60;
;B01;SYBR;PRDX;Unkn;N13_7A;;22,7030659859185;22,7030659859185;0;NaN;NaN;NaN;0;60;
;B02;SYBR;PRDX;Unkn;N13_7B;;22,5456909272955;22,5456909272955;0;NaN;NaN;NaN;0;60;
;B03;SYBR;PRDX;Unkn;N13_8A;;21,241904501338;21,241904501338;0;NaN;NaN;NaN;0;60;
;B04;SYBR;PRDX;Unkn;N13_8B;;21,894242722262;21,894242722262;0;NaN;NaN;NaN;0;60;
;B05;SYBR;PRDX;Unkn;N13_8C;;22,1141006586294;22,1141006586294;0;NaN;NaN;NaN;0;60;
;B06;SYBR;PRDX;Unkn;N13_8D;;22,2119673912502;22,2119673912502;0;NaN;NaN;NaN;0;60;
;B07;SYBR;PRDX;Unkn;N13_9A;;22,1892187898666;22,1892187898666;0;NaN;NaN;NaN;0;60;
;B08;SYBR;PRDX;Unkn;N13_9B;;22,8671753601212;22,8671753601212;0;NaN;NaN;NaN;0;60;
;B09;SYBR;PRDX;Unkn;N13_9D;;22,5578610854016;22,5578610854016;0;NaN;NaN;NaN;0;60;
;B10;SYBR;PRDX;Unkn;N13_9C;;22,3089136354975;22,3089136354975;0;NaN;NaN;NaN;0;60;
;B11;SYBR;PRDX;Unkn;N13_10A;;22,46740179152;22,46740179152;0;NaN;NaN;NaN;0;60;
;B12;SYBR;PRDX;Unkn;N13_10B;;23,1751884900503;23,1751884900503;0;NaN;NaN;NaN;0;60;
;C01;SYBR;PRDX;Unkn;N13_10C;;24,2415671299191;24,2415671299191;0;NaN;NaN;NaN;0;60;
;C02;SYBR;PRDX;Unkn;N13_10D;;26,3199218929779;26,3199218929779;0;NaN;NaN;NaN;0;60;
;C03;SYBR;PRDX;Unkn;N13_11A;;23,9697171641925;23,9697171641925;0;NaN;NaN;NaN;0;60;
;C04;SYBR;PRDX;Unkn;N13_11B;;23,881725562578;23,881725562578;0;NaN;NaN;NaN;0;60;
;C05;SYBR;PRDX;Unkn;N13_11C;;26,6358389533481;26,6358389533481;0;NaN;NaN;NaN;0;60;
;C06;SYBR;PRDX;Unkn;N13_11D;;24,5680711984021;24,5680711984021;0;NaN;NaN;NaN;0;60;
;C07;SYBR;PRDX;Unkn;N13_12A;;22,8453167567105;22,8453167567105;0;NaN;NaN;NaN;0;60;
;C08;SYBR;PRDX;Unkn;N13_12B;;24,1705960018581;24,1705960018581;0;NaN;NaN;NaN;0;60;
;C09;SYBR;PRDX;Unkn;N13_12C;;25,9328375490088;25,9328375490088;0;NaN;NaN;NaN;0;60;
;C10;SYBR;PRDX;Unkn;N13_12D;;26,177365918587;26,177365918587;0;NaN;NaN;NaN;0;60;
;C11;SYBR;PRDX;Unkn;N13_13A;;21,9449652637275;21,9449652637275;0;NaN;NaN;NaN;0;60;
;C12;SYBR;PRDX;Unkn;N13_13B;;21,3317943317138;21,3317943317138;0;NaN;NaN;NaN;0;60;
;D01;SYBR;PRDX;Unkn;N13_13C;;25,4862482996015;25,4862482996015;0;NaN;NaN;NaN;0;60;
;D02;SYBR;PRDX;Unkn;N13_13D;;24,0256652506622;24,0256652506622;0;NaN;NaN;NaN;0;60;
;D05;SYBR;PRDX;Unkn;I4_1A;;23,4207270454162;23,4207270454162;0;NaN;NaN;NaN;0;60;
;D06;SYBR;PRDX;Unkn;I4_1B;;24,0245139109948;24,0245139109948;0;NaN;NaN;NaN;0;60;
;D07;SYBR;PRDX;Unkn;I4_2A;;25,8201728514692;25,8201728514692;0;NaN;NaN;NaN;0;60;
;D08;SYBR;PRDX;Unkn;I4_2B;;23,17432356624;23,17432356624;0;NaN;NaN;NaN;0;60;
;D09;SYBR;PRDX;Unkn;I4_3A;;22,2071278536038;22,2071278536038;0;NaN;NaN;NaN;0;60;
;D10;SYBR;PRDX;Unkn;I4_3B;;22,7612797819009;22,7612797819009;0;NaN;NaN;NaN;0;60;
;D11;SYBR;PRDX;Unkn;I4_4A;;22,9887747669749;22,9887747669749;0;NaN;NaN;NaN;0;60;
;D12;SYBR;PRDX;Unkn;I4_4B;;23,3950658584508;23,3950658584508;0;NaN;NaN;NaN;0;60;
;E01;SYBR;PRDX;Unkn;I4_5A;;21,9371931254411;21,9371931254411;0;NaN;NaN;NaN;0;60;
;E02;SYBR;PRDX;Unkn;I4_5B;;22,2157833746609;22,2157833746609;0;NaN;NaN;NaN;0;60;
;E03;SYBR;PRDX;Unkn;I4_6A;;22,553419099089;22,553419099089;0;NaN;NaN;NaN;0;60;
;E04;SYBR;PRDX;Unkn;I4_6B;;22,4895733538542;22,4895733538542;0;NaN;NaN;NaN;0;60;
;E05;SYBR;PRDX;Unkn;I4_7A;;21,9852679657551;21,9852679657551;0;NaN;NaN;NaN;0;60;
;E06;SYBR;PRDX;Unkn;I4_7B;;21,9270267327676;21,9270267327676;0;NaN;NaN;NaN;0;60;
;E07;SYBR;PRDX;Unkn;I4_8A;;21,6842148580538;21,6842148580538;0;NaN;NaN;NaN;0;60;
;E08;SYBR;PRDX;NTC;NTC;;37,7497529591789;37,7497529591789;0;NaN;NaN;NaN;0;60;
;E09;SYBR;PRDX;Unkn;I4_8C;;22,9252764017155;22,9252764017155;0;NaN;NaN;NaN;0;60;
;E10;SYBR;PRDX;Unkn;I4_8D;;22,8179496042117;22,8179496042117;0;NaN;NaN;NaN;0;60;
;E11;SYBR;PRDX;Unkn;I4_9A;;30,5669171477497;30,5669171477497;0;NaN;NaN;NaN;0;60;
;E12;SYBR;PRDX;Unkn;I4_9B;;21,6091620190059;21,6091620190059;0;NaN;NaN;NaN;0;60;
;F01;SYBR;PRDX;Unkn;I4_9C;;22,5733328498196;22,5733328498196;0;NaN;NaN;NaN;0;60;
;F02;SYBR;PRDX;Unkn;I4_9D;;23,3202893809374;23,3202893809374;0;NaN;NaN;NaN;0;60;
;F03;SYBR;PRDX;Unkn;I4_10A;;21,509979763203;21,509979763203;0;NaN;NaN;NaN;0;60;
;F04;SYBR;PRDX;Unkn;I4_10B;;26,2006612861326;26,2006612861326;0;NaN;NaN;NaN;0;60;
;F05;SYBR;PRDX;Unkn;I4_10C;;23,7899809781502;23,7899809781502;0;NaN;NaN;NaN;0;60;
;F06;SYBR;PRDX;Unkn;I4_10D;;23,4697399436817;23,4697399436817;0;NaN;NaN;NaN;0;60;
;F07;SYBR;PRDX;Unkn;I4_11A;;35,2030594890615;35,2030594890615;0;NaN;NaN;NaN;0;60;
;F08;SYBR;PRDX;Unkn;I4_11B;;21,2325518151827;21,2325518151827;0;NaN;NaN;NaN;0;60;
;F09;SYBR;PRDX;Unkn;I4_11C;;23,6934549369948;23,6934549369948;0;NaN;NaN;NaN;0;60;
;F10;SYBR;PRDX;Unkn;I4_11D;;22,7557173403751;22,7557173403751;0;NaN;NaN;NaN;0;60;
;F11;SYBR;PRDX;Unkn;I4_12A;;22,6346139607568;22,6346139607568;0;NaN;NaN;NaN;0;60;
;F12;SYBR;PRDX;Unkn;I4_12B;;21,1891950048655;21,1891950048655;0;NaN;NaN;NaN;0;60;
;G01;SYBR;PRDX;Unkn;I4_12C;;30,6018184980521;30,6018184980521;0;NaN;NaN;NaN;0;60;
;G02;SYBR;PRDX;Unkn;I4_12D;;25,4219513736095;25,4219513736095;0;NaN;NaN;NaN;0;60;
;G03;SYBR;PRDX;Unkn;I4_13A;;22,9605618006029;22,9605618006029;0;NaN;NaN;NaN;0;60;
;G04;SYBR;PRDX;Unkn;I4_13B;;21,6018759854181;21,6018759854181;0;NaN;NaN;NaN;0;60;
;G05;SYBR;PRDX;Unkn;I4_13C;;26,138568360293;26,138568360293;0;NaN;NaN;NaN;0;60;
;G06;SYBR;PRDX;Unkn;I4_13D;;24,2236557023203;24,2236557023203;0;NaN;NaN;NaN;0;60;
;H10;SYBR;GAPDH;Unkn;IRC1_57;;19,3132065201617;19,3132065201617;0;NaN;NaN;NaN;0;60;
;H11;SYBR;GAPDH;Unkn;IRC2_57;;20,1563876047609;20,1563876047609;0;NaN;NaN;NaN;0;60;
;H12;SYBR;GAPDH;Unkn;IRC3_57;;19,7656022923871;19,7656022923871;0;NaN;NaN;NaN;0;60;
