;Well;Fluor;Target;Content;Sample;Biological Set Name;Cq;Cq Mean;Cq Std. Dev;Starting Quantity (SQ);Log Starting Quantity;SQ Mean;SQ Std. Dev;Set Point;Well Note
;A01;SYBR;GAPDH;Unkn;N2_1A;;20,5955563055721;20,5955563055721;0;NaN;NaN;NaN;0;60;
;A02;SYBR;GAPDH;Unkn;N2_1B;;21,7825721424214;21,7825721424214;0;NaN;NaN;NaN;0;60;
;A03;SYBR;GAPDH;Unkn;N2_2A;;20,1763299437904;20,1763299437904;0;NaN;NaN;NaN;0;60;
;A04;SYBR;GAPDH;Unkn;N2_2B;;21,0008998333162;21,0008998333162;0;NaN;NaN;NaN;0;60;
;A05;SYBR;GAPDH;Unkn;N2_3A;;20,0930821003044;20,0930821003044;0;NaN;NaN;NaN;0;60;
;A06;SYBR;GAPDH;Unkn;N2_3B;;20,2496109091195;20,2496109091195;0;NaN;NaN;NaN;0;60;
;A07;SYBR;GAPDH;Unkn;N2_4A;;24,6500824374714;24,6500824374714;0;NaN;NaN;NaN;0;60;
;A08;SYBR;GAPDH;Unkn;N2_4B;;25,8095664511614;25,8095664511614;0;NaN;NaN;NaN;0;60;
;A09;SYBR;GAPDH;Unkn;N2_5A;;23,6248391448464;23,6248391448464;0;NaN;NaN;NaN;0;60;
;A10;SYBR;GAPDH;Unkn;N2_5B;;21,0505458378372;21,0505458378372;0;NaN;NaN;NaN;0;60;
;A11;SYBR;GAPDH;Unkn;N2_6A;;20,6720716622698;20,6720716622698;0;NaN;NaN;NaN;0;60;
;A12;SYBR;GAPDH;Unkn;N2_6B;;21,1364850658889;21,1364850658889;0;NaN;NaN;NaN;0;60;
;B01;SYBR;GAPDH;Unkn;N2_7A;;21,7986746073143;21,7986746073143;0;NaN;NaN;NaN;0;60;
;B02;SYBR;GAPDH;Unkn;N2_7B;;20,4623599247977;20,4623599247977;0;NaN;NaN;NaN;0;60;
;B03;SYBR;GAPDH;Unkn;N2_8A;;19,3790930768856;19,3790930768856;0;NaN;NaN;NaN;0;60;
;B04;SYBR;GAPDH;Unkn;N2_8B;;20,4335771641861;20,4335771641861;0;NaN;NaN;NaN;0;60;
;B05;SYBR;GAPDH;Unkn;N2_8C;;21,331633010156;21,331633010156;0;NaN;NaN;NaN;0;60;
;B06;SYBR;GAPDH;Unkn;N2_8D;;21,2884787838087;21,2884787838087;0;NaN;NaN;NaN;0;60;
;B07;SYBR;GAPDH;Unkn;N2_9A;;20,0251511842248;20,0251511842248;0;NaN;NaN;NaN;0;60;
;B08;SYBR;GAPDH;Unkn;N2_9B;;20,4019955223791;20,4019955223791;0;NaN;NaN;NaN;0;60;
;B09;SYBR;GAPDH;Unkn;N2_9C;;22,0482918301662;22,0482918301662;0;NaN;NaN;NaN;0;60;
;B10;SYBR;GAPDH;Unkn;N2_9D;;21,0398477410862;21,0398477410862;0;NaN;NaN;NaN;0;60;
;B12;SYBR;GAPDH;Unkn;N2_10B;;22,3176283476593;22,3176283476593;0;NaN;NaN;NaN;0;60;
;C01;SYBR;GAPDH;Unkn;N2_10C;;22,0821309717797;22,0821309717797;0;NaN;NaN;NaN;0;60;
;C02;SYBR;GAPDH;Unkn;N2_10D;;22,679643604626;22,679643604626;0;NaN;NaN;NaN;0;60;
;C03;SYBR;GAPDH;Unkn;N2_11A;;20,5722899307073;20,5722899307073;0;NaN;NaN;NaN;0;60;
;C04;SYBR;GAPDH;Unkn;N2_11B;;21,7885293730606;21,7885293730606;0;NaN;NaN;NaN;0;60;
;C05;SYBR;GAPDH;Unkn;N2_11C;;21,6360865558811;21,6360865558811;0;NaN;NaN;NaN;0;60;
;C06;SYBR;GAPDH;Unkn;N2_11D;;22,6021175119264;22,6021175119264;0;NaN;NaN;NaN;0;60;
;C07;SYBR;GAPDH;Unkn;N2_12A;;20,8207470220949;20,8207470220949;0;NaN;NaN;NaN;0;60;
;C08;SYBR;GAPDH;Unkn;N2_12B;;20,5098879665523;20,5098879665523;0;NaN;NaN;NaN;0;60;
;C09;SYBR;GAPDH;Unkn;N2_12C;;21,3428272879296;21,3428272879296;0;NaN;NaN;NaN;0;60;
;C10;SYBR;GAPDH;Unkn;N2_12D;;22,2693502076933;22,2693502076933;0;NaN;NaN;NaN;0;60;
;C11;SYBR;GAPDH;Unkn;N2_13A;;20,59710905363;20,59710905363;0;NaN;NaN;NaN;0;60;
;C12;SYBR;GAPDH;Unkn;N2_13B;;20,1982329326542;20,1982329326542;0;NaN;NaN;NaN;0;60;
;D01;SYBR;GAPDH;Unkn;N2_13C;;21,5238876009824;21,5238876009824;0;NaN;NaN;NaN;0;60;
;D02;SYBR;GAPDH;Unkn;N2_13D;;21,1401741753856;21,1401741753856;0;NaN;NaN;NaN;0;60;
;D05;SYBR;GAPDH;Unkn;I1_1A;;22,0048710521304;22,0048710521304;0;NaN;NaN;NaN;0;60;
;D06;SYBR;GAPDH;Unkn;I1_1B;;21,7151424449831;21,7151424449831;0;NaN;NaN;NaN;0;60;
;D07;SYBR;GAPDH;Unkn;I1_2A;;21,4531013565655;21,4531013565655;0;NaN;NaN;NaN;0;60;
;D08;SYBR;GAPDH;Unkn;I1_2B;;21,5556736333789;21,5556736333789;0;NaN;NaN;NaN;0;60;
;D09;SYBR;GAPDH;Unkn;I1_3A;;20,8334500333347;20,8334500333347;0;NaN;NaN;NaN;0;60;
;D10;SYBR;GAPDH;Unkn;I1_3B;;20,5762141346509;20,5762141346509;0;NaN;NaN;NaN;0;60;
;D11;SYBR;GAPDH;Unkn;I1_4A;;20,9201480123234;20,9201480123234;0;NaN;NaN;NaN;0;60;
;D12;SYBR;GAPDH;Unkn;I1_4B;;23,0501252171774;23,0501252171774;0;NaN;NaN;NaN;0;60;
;E01;SYBR;GAPDH;Unkn;I1_5A;;21,9274081702364;21,9274081702364;0;NaN;NaN;NaN;0;60;
;E02;SYBR;GAPDH;Unkn;I1_5B;;21,7765670179333;21,7765670179333;0;NaN;NaN;NaN;0;60;
;E03;SYBR;GAPDH;Unkn;I1_6A;;21,4255706546615;21,4255706546615;0;NaN;NaN;NaN;0;60;
;E04;SYBR;GAPDH;Unkn;I1_6B;;23,5120451955825;23,5120451955825;0;NaN;NaN;NaN;0;60;
;E05;SYBR;GAPDH;Unkn;I1_7A;;23,0495914186118;23,0495914186118;0;NaN;NaN;NaN;0;60;
;E06;SYBR;GAPDH;Unkn;I1_7B;;24,0527737267577;24,0527737267577;0;NaN;NaN;NaN;0;60;
;E07;SYBR;GAPDH;Unkn;I1_8A;;23,1814101952445;23,1814101952445;0;NaN;NaN;NaN;0;60;
;E08;SYBR;GAPDH;Unkn;I1_8B;;23,1609950537133;23,1609950537133;0;NaN;NaN;NaN;0;60;
;E09;SYBR;GAPDH;Unkn;I1_8C;;21,9747982690496;21,9747982690496;0;NaN;NaN;NaN;0;60;
;E10;SYBR;GAPDH;Unkn;I1_8D;;20,9095977163292;20,9095977163292;0;NaN;NaN;NaN;0;60;
;E11;SYBR;GAPDH;Unkn;I1_9A;;20,8261723423956;20,8261723423956;0;NaN;NaN;NaN;0;60;
;E12;SYBR;GAPDH;Unkn;I1_9B;;21,0510628268081;21,0510628268081;0;NaN;NaN;NaN;0;60;
;F01;SYBR;GAPDH;Unkn;I1_9C;;21,7144604520542;21,7144604520542;0;NaN;NaN;NaN;0;60;
;F02;SYBR;GAPDH;Unkn;I1_9D;;21,069228280352;21,069228280352;0;NaN;NaN;NaN;0;60;
;F03;SYBR;GAPDH;Unkn;I1_10A;;21,1997939401586;21,1997939401586;0;NaN;NaN;NaN;0;60;
;F04;SYBR;GAPDH;Unkn;I1_10B;;20,9450942107518;20,9450942107518;0;NaN;NaN;NaN;0;60;
;F05;SYBR;GAPDH;Unkn;I1_10C;;23,0217981187106;23,0217981187106;0;NaN;NaN;NaN;0;60;
;F06;SYBR;GAPDH;Unkn;I1_10D;;22,1633176635927;22,1633176635927;0;NaN;NaN;NaN;0;60;
;F07;SYBR;GAPDH;Unkn;I1_11A;;21,9781252350236;21,9781252350236;0;NaN;NaN;NaN;0;60;
;F08;SYBR;GAPDH;Unkn;I1_11B;;21,1697123914804;21,1697123914804;0;NaN;NaN;NaN;0;60;
;F09;SYBR;GAPDH;Unkn;I1_11C;;21,9547634800978;21,9547634800978;0;NaN;NaN;NaN;0;60;
;F10;SYBR;GAPDH;Unkn;I1_11D;;23,6779094868418;23,6779094868418;0;NaN;NaN;NaN;0;60;
;F11;SYBR;GAPDH;Unkn;I1_12A;;NaN;0;0;NaN;NaN;0;0;60;
;F12;SYBR;GAPDH;Unkn;I1_12B;;23,1944628970976;23,1944628970976;0;NaN;NaN;NaN;0;60;
;G01;SYBR;GAPDH;Unkn;I1_12C;;22,1472759367214;22,1472759367214;0;NaN;NaN;NaN;0;60;
;G02;SYBR;GAPDH;Unkn;I1_12D;;24,013882869426;24,013882869426;0;NaN;NaN;NaN;0;60;
;G03;SYBR;GAPDH;Unkn;I1_13A;;22,8774729919767;22,8774729919767;0;NaN;NaN;NaN;0;60;
;G04;SYBR;GAPDH;Unkn;I1_13B;;23,6097382308332;23,6097382308332;0;NaN;NaN;NaN;0;60;
;G05;SYBR;GAPDH;Unkn;I1_13C;;22,5809398557469;22,5809398557469;0;NaN;NaN;NaN;0;60;
;G06;SYBR;GAPDH;Unkn;I1_13D;;23,6916019932792;23,6916019932792;0;NaN;NaN;NaN;0;60;
;G07;SYBR;GAPDH;NTC;NTC;;NaN;0;0;NaN;NaN;0;0;60;
;H10;SYBR;GAPDH;Unkn;IRC1_14;;22,5596829297837;22,5596829297837;0;NaN;NaN;NaN;0;60;
;H11;SYBR;GAPDH;Unkn;IRC2_14;;23,2171219508017;23,2171219508017;0;NaN;NaN;NaN;0;60;
;H12;SYBR;GAPDH;Unkn;IRC3_14;;22,0008923219793;22,0008923219793;0;NaN;NaN;NaN;0;60;
